index,genres,title
0,Триллер,Тетрадь смерти
0,Детектив,Тетрадь смерти
0,Фэнтези,Тетрадь смерти
1,Драма,Красота по-американски
2,Драма,Смертный приговор
2,Боевик,Смертный приговор
2,Триллер,Смертный приговор
2,Криминал,Смертный приговор
3,Комедия,Трасса 60
3,Приключения,Трасса 60
3,Фэнтези,Трасса 60
4,Драма,Солнцестояние
4,Ужасы,Солнцестояние
4,Детектив,Солнцестояние
5,Ужасы,Паразит: Часть 1
5,Фантастика,Паразит: Часть 1
6,Драма,1917
6,Боевик,1917
6,Триллер,1917
6,Военный,1917
7,Драма,Абсолютная власть
7,Триллер,Абсолютная власть
7,Криминал,Абсолютная власть
7,Детектив,Абсолютная власть
8,Драма,Токийский гуль
8,Боевик,Токийский гуль
8,Триллер,Токийский гуль
8,Ужасы,Токийский гуль
9,Драма,Отель Мумбаи: Противостояние
9,Боевик,Отель Мумбаи: Противостояние
9,Триллер,Отель Мумбаи: Противостояние
9,История,Отель Мумбаи: Противостояние
10,Драма,Восьмой класс
10,Комедия,Восьмой класс
11,Драма,Лунный свет
12,Комедия,Экстази
12,Триллер,Экстази
12,Криминал,Экстази
13,Драма,Мэверик
13,Комедия,Мэверик
13,Боевик,Мэверик
13,Приключения,Мэверик
13,Вестерн,Мэверик
14,Драма,Список Шиндлера
14,История,Список Шиндлера
14,Военный,Список Шиндлера
15,Драма,Андрей Рублёв
15,История,Андрей Рублёв
16,Драма,Планета Ка-Пэкс
16,Фантастика,Планета Ка-Пэкс
17,Драма,"Набережная Орфевр, 36"
17,Триллер,"Набережная Орфевр, 36"
17,Криминал,"Набережная Орфевр, 36"
18,Драма,Нана
18,Мелодрама,Нана
18,Музыка,Нана
19,Драма,Цель номер один
19,Триллер,Цель номер один
19,История,Цель номер один
20,Драма,Искусственный разум
20,Приключения,Искусственный разум
20,Фантастика,Искусственный разум
21,Боевик,Охота на воров
21,Триллер,Охота на воров
21,Криминал,Охота на воров
22,Драма,Братья Систерс
22,Приключения,Братья Систерс
22,Вестерн,Братья Систерс
23,Триллер,Вдовы
23,Криминал,Вдовы
24,Триллер,Охотники за разумом
24,Криминал,Охотники за разумом
24,Детектив,Охотники за разумом
25,Драма,Малхолланд Драйв
25,Триллер,Малхолланд Драйв
25,Детектив,Малхолланд Драйв
26,Драма,Дело храбрых
26,Боевик,Дело храбрых
26,История,Дело храбрых
27,Драма,Чёрный клановец
27,Комедия,Чёрный клановец
27,Криминал,Чёрный клановец
27,История,Чёрный клановец
28,Драма,Смерть на похоронах
28,Комедия,Смерть на похоронах
29,Семейный,Лабиринт
29,Приключения,Лабиринт
29,Фэнтези,Лабиринт
30,Комедия,Я иду искать
30,Триллер,Я иду искать
30,Ужасы,Я иду искать
31,Драма,"Дом, который построил Джек"
31,Триллер,"Дом, который построил Джек"
31,Ужасы,"Дом, который построил Джек"
31,Криминал,"Дом, который построил Джек"
32,Драма,Лоро
33,Комедия,Сирано. Успеть до премьеры
33,История,Сирано. Успеть до премьеры
34,Драма,Прекрасная эпоха
34,Комедия,Прекрасная эпоха
35,Драма,Загадочная история Бенджамина Баттона
35,Мелодрама,Загадочная история Бенджамина Баттона
35,Фэнтези,Загадочная история Бенджамина Баттона
36,Комедия,"Этот безумный, безумный, безумный, безумный мир"
36,Боевик,"Этот безумный, безумный, безумный, безумный мир"
36,Криминал,"Этот безумный, безумный, безумный, безумный мир"
36,Приключения,"Этот безумный, безумный, безумный, безумный мир"
37,Драма,Аризонская мечта
37,Комедия,Аризонская мечта
37,Мелодрама,Аризонская мечта
37,Фэнтези,Аризонская мечта
38,Комедия,В поисках галактики
38,Семейный,В поисках галактики
38,Приключения,В поисках галактики
38,Фантастика,В поисках галактики
39,Ужасы,Оверлорд
39,Фантастика,Оверлорд
39,Военный,Оверлорд
40,Драма,Форрест Гамп
40,Комедия,Форрест Гамп
40,Мелодрама,Форрест Гамп
41,Драма,Общество мёртвых поэтов
42,Драма,8 с половиной
42,Фэнтези,8 с половиной
43,Драма,Охота на дикарей
43,Комедия,Охота на дикарей
43,Приключения,Охота на дикарей
44,Драма,Трудности перевода
44,Комедия,Трудности перевода
44,Мелодрама,Трудности перевода
45,Комедия,Назад в будущее III
45,Приключения,Назад в будущее III
45,Фантастика,Назад в будущее III
46,Драма,В доме
46,Комедия,В доме
46,Триллер,В доме
46,Детектив,В доме
47,Драма,Мисс Петтигрю
47,Комедия,Мисс Петтигрю
47,Мелодрама,Мисс Петтигрю
48,Драма,Серьёзный человек
48,Комедия,Серьёзный человек
49,Драма,Bicentennial Man
49,Комедия,Bicentennial Man
49,Фантастика,Bicentennial Man
50,Триллер,Из Ада
50,Ужасы,Из Ада
50,Детектив,Из Ада
51,Боевик,Время
51,Триллер,Время
51,Фантастика,Время
52,Фэнтези,Таймлесс 3: Изумрудная книга
53,Драма,Джокер
53,Триллер,Джокер
53,Криминал,Джокер
54,Драма,Отель «Гранд Будапешт»
54,Комедия,Отель «Гранд Будапешт»
55,Драма,Господин Никто
55,Мелодрама,Господин Никто
55,Фантастика,Господин Никто
55,Фэнтези,Господин Никто
56,Триллер,Прочь
56,Ужасы,Прочь
56,Детектив,Прочь
57,Драма,Кокаин
57,Криминал,Кокаин
58,Драма,Страна садов
58,Комедия,Страна садов
58,Мелодрама,Страна садов
59,Драма,Игры дьявола
59,Триллер,Игры дьявола
59,Криминал,Игры дьявола
60,Драма,Т2: Трейнспоттинг
60,Криминал,Т2: Трейнспоттинг
61,Драма,"Тише... тише, милая Шарлотта"
61,Ужасы,"Тише... тише, милая Шарлотта"
61,Детектив,"Тише... тише, милая Шарлотта"
62,Драма,99 франков
62,Комедия,99 франков
63,Документальный,Корпорация «Еда»
64,Драма,Рэй
64,Музыка,Рэй
65,Драма,Фотоувеличение
65,Триллер,Фотоувеличение
65,Детектив,Фотоувеличение
66,Драма,Левиафан
67,Драма,Тони Эрдманн
67,Комедия,Тони Эрдманн
68,Драма,Хорошее время
68,Триллер,Хорошее время
68,Криминал,Хорошее время
69,Драма,Выживут только любовники
69,Мелодрама,Выживут только любовники
70,Комедия,Образование
71,Драма,Она
71,Триллер,Она
72,Драма,Секретарша
72,Комедия,Секретарша
72,Мелодрама,Секретарша
73,Боевик,Человек-муравей и Оса
73,Приключения,Человек-муравей и Оса
73,Фантастика,Человек-муравей и Оса
74,Комедия,Настоящие гении
74,Мелодрама,Настоящие гении
74,Фантастика,Настоящие гении
75,Драма,Меня там нет
75,Музыка,Меня там нет
76,Драма,Зеркало
76,История,Зеркало
77,Драма,Крупная рыба
77,Приключения,Крупная рыба
77,Фэнтези,Крупная рыба
78,Драма,"Я, Дэниел Блэйк"
79,Драма,Ночи в стиле буги
80,Драма,Соучастник
80,Триллер,Соучастник
80,Криминал,Соучастник
81,Драма,Невыносимая легкость бытия
81,Комедия,Невыносимая легкость бытия
81,Мелодрама,Невыносимая легкость бытия
82,Комедия,Смертельное оружие 4
82,Боевик,Смертельное оружие 4
82,Триллер,Смертельное оружие 4
82,Криминал,Смертельное оружие 4
82,Приключения,Смертельное оружие 4
83,Драма,"Ревущие двадцатые, или Судьба солдата в Америке"
83,Триллер,"Ревущие двадцатые, или Судьба солдата в Америке"
83,Криминал,"Ревущие двадцатые, или Судьба солдата в Америке"
84,Комедия,Закону тут не место
85,Драма,После работы
85,Комедия,После работы
85,Триллер,После работы
86,Драма,Учитель на замену
87,Комедия,Рыбка по имени Ванда
87,Криминал,Рыбка по имени Ванда
88,Драма,Покидая Лас-Вегас
88,Мелодрама,Покидая Лас-Вегас
89,Боевик,Человек-муравей
89,Приключения,Человек-муравей
89,Фантастика,Человек-муравей
90,Драма,Транс
90,Триллер,Транс
90,Криминал,Транс
90,Детектив,Транс
91,Комедия,Полный облом
91,Боевик,Полный облом
91,Триллер,Полный облом
91,Криминал,Полный облом
92,Комедия,Оборотни
92,Ужасы,Оборотни
93,Комедия,Мир принадлежит тебе
93,Криминал,Мир принадлежит тебе
94,Драма,Жаркие летние ночи
94,Комедия,Жаркие летние ночи
95,Драма,Море внутри
96,Драма,Резня
96,Комедия,Резня
97,Комедия,Магазинчик ужасов
97,Ужасы,Магазинчик ужасов
98,Драма,Второй шанс
98,Боевик,Второй шанс
98,Криминал,Второй шанс
99,Драма,Смерть и жизнь Джона Ф. Донована
100,Драма,Бартон Финк
100,Комедия,Бартон Финк
101,Драма,Свет вокруг
101,Комедия,Свет вокруг
102,Драма,Аквариум
103,Драма,День сурка
103,Комедия,День сурка
103,Мелодрама,День сурка
103,Фэнтези,День сурка
104,Боевик,Пираты Карибского моря: На краю света
104,Приключения,Пираты Карибского моря: На краю света
104,Фэнтези,Пираты Карибского моря: На краю света
105,Боевик,Индиана Джонс: В поисках утраченного ковчега
105,Приключения,Индиана Джонс: В поисках утраченного ковчега
106,Драма,Облачный атлас
106,Фантастика,Облачный атлас
107,Драма,Страсти Христовы
108,Драма,Побег из Шоушенка
108,Криминал,Побег из Шоушенка
109,Комедия,Назад в будущее
109,Семейный,Назад в будущее
109,Приключения,Назад в будущее
109,Фантастика,Назад в будущее
110,Драма,Мальчик в полосатой пижаме
110,Военный,Мальчик в полосатой пижаме
111,Комедия,Назад в будущее II
111,Семейный,Назад в будущее II
111,Приключения,Назад в будущее II
111,Фантастика,Назад в будущее II
112,Драма,Мулен Руж
112,Мелодрама,Мулен Руж
112,Музыка,Мулен Руж
113,Драма,Другие
113,Триллер,Другие
113,Ужасы,Другие
113,Детектив,Другие
114,Приключения,Гарри Поттер и орден Феникса
114,Детектив,Гарри Поттер и орден Феникса
114,Фэнтези,Гарри Поттер и орден Феникса
115,Драма,Авиатор
116,Боевик,Пираты Карибского моря: Сундук мертвеца
116,Приключения,Пираты Карибского моря: Сундук мертвеца
116,Фэнтези,Пираты Карибского моря: Сундук мертвеца
117,Драма,Бойцовский клуб
118,Драма,Молчание ягнят
118,Триллер,Молчание ягнят
118,Ужасы,Молчание ягнят
118,Криминал,Молчание ягнят
119,Драма,Умница Уилл Хантинг
120,Драма,Иди и смотри
120,История,Иди и смотри
120,Военный,Иди и смотри
121,Драма,Шоу Трумана
121,Комедия,Шоу Трумана
122,Комедия,Тор: Рагнарёк
122,Боевик,Тор: Рагнарёк
122,Приключения,Тор: Рагнарёк
122,Фантастика,Тор: Рагнарёк
122,Фэнтези,Тор: Рагнарёк
123,Драма,Артист
123,Комедия,Артист
123,Мелодрама,Артист
124,Драма,Луна 2112
124,Фантастика,Луна 2112
125,Драма,Маленькие женщины
125,Мелодрама,Маленькие женщины
126,Семейный,Гарри Поттер и Кубок огня
126,Приключения,Гарри Поттер и Кубок огня
126,Фэнтези,Гарри Поттер и Кубок огня
127,Боевик,Пятый элемент
127,Триллер,Пятый элемент
127,Приключения,Пятый элемент
127,Фантастика,Пятый элемент
127,Фэнтези,Пятый элемент
128,Драма,Счастливое число Слевина
128,Триллер,Счастливое число Слевина
128,Криминал,Счастливое число Слевина
128,Детектив,Счастливое число Слевина
129,Драма,Человек-паук. Возвращение домой
129,Боевик,Человек-паук. Возвращение домой
129,Приключения,Человек-паук. Возвращение домой
129,Фантастика,Человек-паук. Возвращение домой
130,Комедия,Ограбление по-итальянски
130,Боевик,Ограбление по-итальянски
130,Триллер,Ограбление по-итальянски
130,Криминал,Ограбление по-итальянски
131,Комедия,Догма
131,Приключения,Догма
131,Фэнтези,Догма
132,Драма,Дорога
132,Приключения,Дорога
133,Драма,Джеки
134,Драма,12 лет рабства
134,История,12 лет рабства
135,Боевик,Пираты Карибского моря: Проклятие Чёрной жемчужины
135,Приключения,Пираты Карибского моря: Проклятие Чёрной жемчужины
135,Фэнтези,Пираты Карибского моря: Проклятие Чёрной жемчужины
136,Драма,Миллионер из трущоб
136,Мелодрама,Миллионер из трущоб
137,Приключения,Гарри Поттер и узник Азкабана
137,Фэнтези,Гарри Поттер и узник Азкабана
138,Драма,Изгой
138,Приключения,Изгой
139,Драма,Величайший шоумен
140,Триллер,Сплит
140,Ужасы,Сплит
141,Драма,Ограбление на Бейкер-Стрит
141,Триллер,Ограбление на Бейкер-Стрит
141,Криминал,Ограбление на Бейкер-Стрит
142,Драма,Мотылёк
142,Криминал,Мотылёк
142,История,Мотылёк
143,Драма,Дворецкий
144,Драма,Август
144,Комедия,Август
145,Боевик,Новый Человек-паук
145,Приключения,Новый Человек-паук
145,Фэнтези,Новый Человек-паук
146,Драма,Антихрист
146,Триллер,Антихрист
146,Ужасы,Антихрист
147,Драма,Аэронавты
147,Мелодрама,Аэронавты
147,Приключения,Аэронавты
148,Триллер,Голодные игры: Сойка-пересмешница. Часть 1
148,Приключения,Голодные игры: Сойка-пересмешница. Часть 1
148,Фантастика,Голодные игры: Сойка-пересмешница. Часть 1
149,Драма,Пианист
149,Военный,Пианист
150,Драма,Дерсу Узала
150,Боевик,Дерсу Узала
150,Приключения,Дерсу Узала
151,Драма,На игле
151,Криминал,На игле
152,Боевик,Изгой-один: Звёздные войны. Истории
152,Приключения,Изгой-один: Звёздные войны. Истории
152,Фантастика,Изгой-один: Звёздные войны. Истории
153,Боевик,Поезд в Пусан
153,Триллер,Поезд в Пусан
153,Ужасы,Поезд в Пусан
154,Драма,Середина 90-х
154,Комедия,Середина 90-х
155,Драма,Их собственная лига
155,Комедия,Их собственная лига
155,Семейный,Их собственная лига
156,Драма,Джерри Магуайер
156,Комедия,Джерри Магуайер
156,Мелодрама,Джерри Магуайер
157,Драма,Благодетель
157,Триллер,Благодетель
157,Криминал,Благодетель
158,Триллер,Зеленая комната
158,Ужасы,Зеленая комната
158,Криминал,Зеленая комната
159,Драма,Человек – швейцарский нож
159,Комедия,Человек – швейцарский нож
159,Мелодрама,Человек – швейцарский нож
159,Приключения,Человек – швейцарский нож
159,Фэнтези,Человек – швейцарский нож
160,Драма,Рука на миллион
161,Драма,7 дней и ночей с Мэрилин
161,Мелодрама,7 дней и ночей с Мэрилин
162,Драма,Ван Гог. На пороге вечности
163,Приключения,Воображариум доктора Парнаса
163,Детектив,Воображариум доктора Парнаса
163,Фэнтези,Воображариум доктора Парнаса
164,Драма,Финансовый монстр
164,Триллер,Финансовый монстр
165,Драма,Гений
165,История,Гений
166,Драма,Колетт
166,История,Колетт
167,Драма,Храброе сердце
167,Боевик,Храброе сердце
167,История,Храброе сердце
167,Военный,Храброе сердце
168,Драма,Запах женщины
169,Драма,Марсианин
169,Приключения,Марсианин
169,Фантастика,Марсианин
170,Драма,Любовь
170,Мелодрама,Любовь
171,Драма,Машинист
171,Триллер,Машинист
172,Драма,Арахисовый сокол
172,Комедия,Арахисовый сокол
172,Приключения,Арахисовый сокол
173,Драма,Шоссе в Никуда
173,Триллер,Шоссе в Никуда
173,Детектив,Шоссе в Никуда
174,Приключения,Гарри Поттер и философский камень
174,Фэнтези,Гарри Поттер и философский камень
175,Драма,Баффало 66
175,Комедия,Баффало 66
175,Мелодрама,Баффало 66
176,Драма,Август Раш
176,Музыка,Август Раш
176,Семейный,Август Раш
177,Драма,Парфюмер: История одного убийцы
177,Криминал,Парфюмер: История одного убийцы
177,Фэнтези,Парфюмер: История одного убийцы
178,Драма,Кит
178,Мелодрама,Кит
178,Семейный,Кит
179,Драма,Патриот
179,Боевик,Патриот
179,История,Патриот
179,Военный,Патриот
180,Драма,Тропы
180,Приключения,Тропы
181,Боевик,Мы были солдатами
181,История,Мы были солдатами
181,Военный,Мы были солдатами
182,Драма,"Человек, который познал бесконечность"
183,Драма,Искатель воды
183,Военный,Искатель воды
184,Драма,Охотник на лис
184,Триллер,Охотник на лис
185,Семейный,Джуманджи
185,Приключения,Джуманджи
185,Фэнтези,Джуманджи
186,Драма,Фрэнк
186,Комедия,Фрэнк
186,Детектив,Фрэнк
187,Драма,Путешествие Гектора в поисках счастья
187,Комедия,Путешествие Гектора в поисках счастья
187,Приключения,Путешествие Гектора в поисках счастья
188,Мелодрама,Робин Гуд: Принц воров
188,Приключения,Робин Гуд: Принц воров
189,Боевик,Сокровище нации
189,Триллер,Сокровище нации
189,Приключения,Сокровище нации
189,Детектив,Сокровище нации
190,Триллер,Экзамен
190,Детектив,Экзамен
191,Драма,Никогда не сдавайся
191,Боевик,Никогда не сдавайся
192,Драма,Что скрывает ложь
192,Триллер,Что скрывает ложь
192,Ужасы,Что скрывает ложь
192,Детектив,Что скрывает ложь
193,Триллер,Красный воробей
193,Детектив,Красный воробей
194,Драма,Особенные
194,Комедия,Особенные
195,Боевик,Невероятные приключения ДжоДжо
195,Триллер,Невероятные приключения ДжоДжо
195,Приключения,Невероятные приключения ДжоДжо
195,Фэнтези,Невероятные приключения ДжоДжо
196,Драма,Зелёная миля
196,Криминал,Зелёная миля
196,Фэнтези,Зелёная миля
197,Драма,Одержимость
197,Музыка,Одержимость
198,Драма,Нефть
199,Комедия,"Карты, деньги, два ствола"
199,Криминал,"Карты, деньги, два ствола"
200,Драма,Зелёная книга
200,Комедия,Зелёная книга
200,Музыка,Зелёная книга
201,Драма,Китайский квартал
201,Триллер,Китайский квартал
201,Криминал,Китайский квартал
201,Детектив,Китайский квартал
202,Драма,Король говорит!
202,История,Король говорит!
203,Драма,Меня зовут Кхан
203,Мелодрама,Меня зовут Кхан
204,Драма,Эдвард руки-ножницы
204,Мелодрама,Эдвард руки-ножницы
204,Фэнтези,Эдвард руки-ножницы
205,Драма,Прибытие
205,Детектив,Прибытие
205,Фантастика,Прибытие
206,Драма,Лучшее предложение
206,Мелодрама,Лучшее предложение
206,Криминал,Лучшее предложение
206,Детектив,Лучшее предложение
207,Драма,Омерзительная восьмёрка
207,Криминал,Омерзительная восьмёрка
207,Детектив,Омерзительная восьмёрка
207,Вестерн,Омерзительная восьмёрка
208,Драма,Адаптация
208,Комедия,Адаптация
208,Криминал,Адаптация
209,Драма,Небраска
209,Приключения,Небраска
210,Драма,Возвращение
210,Комедия,Возвращение
210,Мелодрама,Возвращение
211,Драма,Семь жизней
212,Драма,Сомнение
213,Боевик,Хоббит: Битва пяти воинств
213,Приключения,Хоббит: Битва пяти воинств
213,Фэнтези,Хоббит: Битва пяти воинств
214,Приключения,Гарри Поттер и тайная комната
214,Фэнтези,Гарри Поттер и тайная комната
215,Драма,Фрида
215,Мелодрама,Фрида
216,Драма,Горе-творец
216,Комедия,Горе-творец
217,Триллер,Иллюзия обмана
217,Криминал,Иллюзия обмана
218,Драма,Лекарь: Ученик Авиценны
218,Приключения,Лекарь: Ученик Авиценны
218,История,Лекарь: Ученик Авиценны
219,Боевик,Миссия: невыполнима
219,Триллер,Миссия: невыполнима
219,Приключения,Миссия: невыполнима
220,Драма,Ничего хорошего в отеле «Эль рояль»
220,Триллер,Ничего хорошего в отеле «Эль рояль»
220,Криминал,Ничего хорошего в отеле «Эль рояль»
220,Детектив,Ничего хорошего в отеле «Эль рояль»
221,Мелодрама,Малефисента
221,Боевик,Малефисента
221,Семейный,Малефисента
221,Приключения,Малефисента
221,Фэнтези,Малефисента
222,Драма,Куда приводят мечты
222,Мелодрама,Куда приводят мечты
222,Фэнтези,Куда приводят мечты
223,Боевик,Иностранец
223,Триллер,Иностранец
224,Драма,Экстаз
224,Ужасы,Экстаз
224,Музыка,Экстаз
225,Триллер,Легенда
225,Криминал,Легенда
226,Драма,Мистер Холмс
226,Детектив,Мистер Холмс
227,Драма,Пазманский дьявол
228,Боевик,Капитан Марвел
228,Приключения,Капитан Марвел
228,Фантастика,Капитан Марвел
229,Комедия,Джуманджи: Новый уровень
229,Приключения,Джуманджи: Новый уровень
229,Фэнтези,Джуманджи: Новый уровень
230,Боевик,Служители закона
230,Триллер,Служители закона
230,Криминал,Служители закона
231,Драма,Шеф Адам Джонс
232,Драма,Мама!
232,Ужасы,Мама!
232,Детектив,Мама!
233,Драма,Джой
233,Комедия,Джой
234,Драма,Стекло
234,Триллер,Стекло
234,Фантастика,Стекло
235,Драма,Анна Каренина
235,Мелодрама,Анна Каренина
236,Триллер,Двенадцать друзей Оушена
236,Криминал,Двенадцать друзей Оушена
237,Боевик,Пираты Карибского моря: Мертвецы не рассказывают сказки
237,Приключения,Пираты Карибского моря: Мертвецы не рассказывают сказки
237,Фэнтези,Пираты Карибского моря: Мертвецы не рассказывают сказки
238,Драма,Красавица для чудовища
238,Мелодрама,Красавица для чудовища
239,Триллер,Семь
239,Криминал,Семь
239,Детектив,Семь
240,Драма,Спасти рядового Райана
240,История,Спасти рядового Райана
240,Военный,Спасти рядового Райана
241,Драма,Вечное сияние чистого разума
241,Мелодрама,Вечное сияние чистого разума
241,Фантастика,Вечное сияние чистого разума
242,Документальный,Спасти планету
243,Драма,Волк с Уолл-стрит
243,Комедия,Волк с Уолл-стрит
243,Криминал,Волк с Уолл-стрит
244,Драма,Джон Ф. Кеннеди: Выстрелы в Далласе
244,Триллер,Джон Ф. Кеннеди: Выстрелы в Далласе
244,История,Джон Ф. Кеннеди: Выстрелы в Далласе
245,Драма,Прислуга
246,Драма,Запределье
246,Приключения,Запределье
246,Фэнтези,Запределье
247,Боевик,Аватар
247,Приключения,Аватар
247,Фантастика,Аватар
247,Фэнтези,Аватар
248,Драма,Dunkirk
248,Боевик,Dunkirk
248,Военный,Dunkirk
249,Драма,Девушка с татуировкой дракона
249,Триллер,Девушка с татуировкой дракона
249,Криминал,Девушка с татуировкой дракона
249,Детектив,Девушка с татуировкой дракона
250,Драма,Скрытые фигуры
250,История,Скрытые фигуры
251,Драма,Имя розы
251,Триллер,Имя розы
251,Детектив,Имя розы
252,Приключения,Гарри Поттер и Дары смерти: Часть 1
252,Фэнтези,Гарри Поттер и Дары смерти: Часть 1
253,Драма,Вселенная Стивена Хокинга
253,Мелодрама,Вселенная Стивена Хокинга
254,Драма,Ярость
254,Боевик,Ярость
254,Военный,Ярость
255,Драма,Просто кровь
255,Триллер,Просто кровь
255,Криминал,Просто кровь
256,Драма,Пылающий
256,Триллер,Пылающий
256,Детектив,Пылающий
257,Драма,Мюнхен
257,Боевик,Мюнхен
257,Триллер,Мюнхен
257,История,Мюнхен
258,Драма,Тельма и Луиза
258,Триллер,Тельма и Луиза
258,Криминал,Тельма и Луиза
258,Приключения,Тельма и Луиза
259,Драма,Поле чудес
259,Фэнтези,Поле чудес
260,Драма,Правила виноделов
261,Драма,Леди Бёрд
261,Комедия,Леди Бёрд
262,Боевик,Скала
262,Триллер,Скала
262,Приключения,Скала
263,Драма,Я - начало
263,Фантастика,Я - начало
264,Драма,Вавилон
265,Драма,Баллада Бастера Скраггса
265,Комедия,Баллада Бастера Скраггса
265,Музыка,Баллада Бастера Скраггса
265,Вестерн,Баллада Бастера Скраггса
266,Драма,Северная страна
267,Драма,Связь
267,Триллер,Связь
268,Триллер,Мистериум. Начало
268,Криминал,Мистериум. Начало
268,Детектив,Мистериум. Начало
269,Драма,Власть
269,Комедия,Власть
269,История,Власть
270,Комедия,Семь психопатов
270,Криминал,Семь психопатов
271,Драма,Преисподняя
271,Триллер,Преисподняя
271,Детектив,Преисподняя
271,Вестерн,Преисподняя
272,Драма,Покорители волн
273,Драма,Бронсон
273,Боевик,Бронсон
273,Криминал,Бронсон
274,Триллер,Тринадцатый этаж
274,Детектив,Тринадцатый этаж
274,Фантастика,Тринадцатый этаж
275,Драма,Джек Ричер
275,Боевик,Джек Ричер
275,Триллер,Джек Ричер
275,Криминал,Джек Ричер
276,Боевик,Железный человек 2
276,Приключения,Железный человек 2
276,Фантастика,Железный человек 2
277,Комедия,Мир Уэйна
277,Музыка,Мир Уэйна
278,Драма,Живая сталь
278,Боевик,Живая сталь
278,Фантастика,Живая сталь
279,Драма,Мажестик
279,Комедия,Мажестик
279,Мелодрама,Мажестик
280,Драма,Тайна 7 сестер
280,Триллер,Тайна 7 сестер
280,Детектив,Тайна 7 сестер
280,Фантастика,Тайна 7 сестер
281,Комедия,Джуманджи: Зов Джунглей
281,Боевик,Джуманджи: Зов Джунглей
281,Приключения,Джуманджи: Зов Джунглей
281,Фэнтези,Джуманджи: Зов Джунглей
282,Комедия,50 первых поцелуев
282,Мелодрама,50 первых поцелуев
283,Боевик,007: Спектр
283,Триллер,007: Спектр
283,Приключения,007: Спектр
284,Драма,Белые люди не умеют прыгать
284,Комедия,Белые люди не умеют прыгать
285,Боевик,Код доступа «Кейптаун»
285,Триллер,Код доступа «Кейптаун»
286,Драма,Дом странных детей Мисс Перегрин
286,Семейный,Дом странных детей Мисс Перегрин
286,Приключения,Дом странных детей Мисс Перегрин
286,Фэнтези,Дом странных детей Мисс Перегрин
287,Комедия,Мамма MIA! 2
287,Мелодрама,Мамма MIA! 2
288,Драма,Макбет
288,Приключения,Макбет
288,Военный,Макбет
289,Комедия,РЭД 2
289,Боевик,РЭД 2
289,Триллер,РЭД 2
289,Криминал,РЭД 2
290,Боевик,Багровая мята
290,Триллер,Багровая мята
291,Драма,Шаг вперёд
291,Мелодрама,Шаг вперёд
291,Музыка,Шаг вперёд
291,Криминал,Шаг вперёд
292,Комедия,Форсаж: Хоббс и Шоу
292,Боевик,Форсаж: Хоббс и Шоу
292,Приключения,Форсаж: Хоббс и Шоу
293,Драма,Обещание
293,Мелодрама,Обещание
293,История,Обещание
294,Драма,Одиссея
294,Приключения,Одиссея
295,Драма,Удивительный мир Марвена
295,Комедия,Удивительный мир Марвена
295,Фэнтези,Удивительный мир Марвена
296,Комедия,Захочу и соскочу. Мастер-класс
296,Боевик,Захочу и соскочу. Мастер-класс
296,Криминал,Захочу и соскочу. Мастер-класс
297,Драма,Гладиатор
297,Боевик,Гладиатор
297,Приключения,Гладиатор
298,Драма,М убийца
298,Боевик,М убийца
298,Триллер,М убийца
298,Криминал,М убийца
299,Драма,"Поймай меня, если сможешь"
299,Криминал,"Поймай меня, если сможешь"
300,Драма,Гран Торино
301,Боевик,Мстители
301,Приключения,Мстители
301,Фантастика,Мстители
302,Драма,Далласский клуб покупателей
302,История,Далласский клуб покупателей
303,Драма,Возвращение
304,Комедия,Зомби по имени Шон
304,Ужасы,Зомби по имени Шон
305,Боевик,Хоббит: Нежданное путешествие
305,Приключения,Хоббит: Нежданное путешествие
305,Фэнтези,Хоббит: Нежданное путешествие
306,Драма,Королевство полной луны
306,Комедия,Королевство полной луны
306,Мелодрама,Королевство полной луны
307,Триллер,Одиннадцать друзей Оушена
307,Криминал,Одиннадцать друзей Оушена
308,Драма,"Нью-Йорк, Нью-Йорк"
309,Боевик,Шерлок Холмс
309,Криминал,Шерлок Холмс
309,Приключения,Шерлок Холмс
309,Детектив,Шерлок Холмс
310,Триллер,Порок на экспорт
310,Криминал,Порок на экспорт
310,Детектив,Порок на экспорт
311,Боевик,Звёздный путь: Первый контакт
311,Триллер,Звёздный путь: Первый контакт
311,Приключения,Звёздный путь: Первый контакт
311,Фантастика,Звёздный путь: Первый контакт
312,Криминал,Любой ценой
312,Вестерн,Любой ценой
313,Драма,"Человек, который изменил всё"
314,Боевик,Хранители
314,Детектив,Хранители
314,Фантастика,Хранители
315,Драма,Я - Сэм
316,Драма,Жизнь Дэвида Гейла
316,Триллер,Жизнь Дэвида Гейла
316,Криминал,Жизнь Дэвида Гейла
317,Драма,Под покровом ночи
317,Триллер,Под покровом ночи
318,Драма,Харви Милк
318,История,Харви Милк
319,Комедия,Скотт Пилигрим против всех
319,Мелодрама,Скотт Пилигрим против всех
319,Боевик,Скотт Пилигрим против всех
319,Фэнтези,Скотт Пилигрим против всех
320,Драма,Пес-призрак: Путь самурая
320,Криминал,Пес-призрак: Путь самурая
321,Драма,Пи
321,Триллер,Пи
321,Детектив,Пи
322,Драма,Талантливый мистер Рипли
322,Триллер,Талантливый мистер Рипли
322,Криминал,Талантливый мистер Рипли
323,Драма,Аббатство Даунтон
323,Мелодрама,Аббатство Даунтон
323,История,Аббатство Даунтон
324,Драма,Рок-волна
324,Комедия,Рок-волна
325,Драма,Водная жизнь
325,Комедия,Водная жизнь
325,Приключения,Водная жизнь
326,Драма,Сноуден
326,Триллер,Сноуден
326,Криминал,Сноуден
326,История,Сноуден
327,Драма,Самый пьяный округ в мире
327,Криминал,Самый пьяный округ в мире
327,Вестерн,Самый пьяный округ в мире
328,Драма,История Антуана Фишера
328,Мелодрама,История Антуана Фишера
329,Драма,Женщина в золотом
330,Боевик,Человек-паук 2
330,Приключения,Человек-паук 2
330,Фэнтези,Человек-паук 2
331,Драма,Смерть Сталина
331,Комедия,Смерть Сталина
331,История,Смерть Сталина
332,Боевик,Человек-паук
332,Фэнтези,Человек-паук
333,Боевик,На гребне волны
333,Триллер,На гребне волны
333,Криминал,На гребне волны
334,Приключения,Троя
334,История,Троя
334,Военный,Троя
335,Драма,Мечтатели
335,Мелодрама,Мечтатели
336,Боевик,Правдивая ложь
336,Триллер,Правдивая ложь
337,Комедия,Отряд «Америка»: Всемирная полиция
337,Боевик,Отряд «Америка»: Всемирная полиция
337,Приключения,Отряд «Америка»: Всемирная полиция
338,Драма,Двойник дьявола
338,Боевик,Двойник дьявола
338,Триллер,Двойник дьявола
338,Криминал,Двойник дьявола
338,Военный,Двойник дьявола
339,Драма,Сила воли
339,Боевик,Сила воли
339,История,Сила воли
340,Комедия,Уж лучше умереть
341,Триллер,Человек-невидимка
341,Ужасы,Человек-невидимка
341,Фантастика,Человек-невидимка
342,Драма,Семь лет в Тибете
342,Приключения,Семь лет в Тибете
342,История,Семь лет в Тибете
343,Комедия,Крутые виражи
343,История,Крутые виражи
344,Драма,Пассажиры
344,Мелодрама,Пассажиры
344,Фантастика,Пассажиры
345,Драма,Разрушение
345,Комедия,Разрушение
346,Драма,Кроличья нора
347,Триллер,Обитель проклятых
348,Драма,Золотой век
348,Мелодрама,Золотой век
348,История,Золотой век
349,Драма,Кручёный мяч
349,Мелодрама,Кручёный мяч
350,Триллер,Дитя робота
350,Фантастика,Дитя робота
351,Драма,"Красивый, плохой, злой"
351,Триллер,"Красивый, плохой, злой"
351,Криминал,"Красивый, плохой, злой"
352,Семейный,Малефисента: Владычица тьмы
352,Приключения,Малефисента: Владычица тьмы
352,Фэнтези,Малефисента: Владычица тьмы
353,Мелодрама,Во власти стихии
353,Триллер,Во власти стихии
353,Приключения,Во власти стихии
354,Комедия,Уйти красиво
354,Криминал,Уйти красиво
355,Боевик,Анна
355,Триллер,Анна
356,Триллер,Тайное окно
356,Детектив,Тайное окно
357,Драма,Шаг вперёд 4
357,Мелодрама,Шаг вперёд 4
357,Музыка,Шаг вперёд 4
358,Комедия,Восемь подруг Оушена
358,Боевик,Восемь подруг Оушена
358,Криминал,Восемь подруг Оушена
359,Боевик,Хищные птицы: Потрясающая история Харли Квинн
359,Криминал,Хищные птицы: Потрясающая история Харли Квинн
360,Комедия,Ангелы Чарли
360,Боевик,Ангелы Чарли
360,Приключения,Ангелы Чарли
361,Драма,"Не волнуйся, он далеко не уйдёт"
361,Комедия,"Не волнуйся, он далеко не уйдёт"
362,Драма,Русский ковчег
362,Детектив,Русский ковчег
362,Фэнтези,Русский ковчег
362,История,Русский ковчег
363,Драма,Бродяга Кэнсин: Великий киотский пожар
363,Боевик,Бродяга Кэнсин: Великий киотский пожар
363,Приключения,Бродяга Кэнсин: Великий киотский пожар
363,Фэнтези,Бродяга Кэнсин: Великий киотский пожар
364,Драма,Пролетая над гнездом кукушки
365,Драма,Паразиты
365,Комедия,Паразиты
365,Триллер,Паразиты
366,Драма,Отступники
366,Триллер,Отступники
366,Криминал,Отступники
367,Драма,"Три билборда на границе Эббинга, Миссури"
367,Криминал,"Три билборда на границе Эббинга, Миссури"
368,Драма,Старикам тут не место
368,Триллер,Старикам тут не место
368,Криминал,Старикам тут не место
369,Драма,Шестое чувство
369,Триллер,Шестое чувство
369,Детектив,Шестое чувство
370,Драма,Иваново детство
370,Военный,Иваново детство
371,Боевик,Город грехов
371,Триллер,Город грехов
371,Криминал,Город грехов
372,Триллер,Мальтийский сокол
372,Криминал,Мальтийский сокол
372,Детектив,Мальтийский сокол
373,Драма,Уродцы
373,Ужасы,Уродцы
374,Драма,Игра на понижение
374,Комедия,Игра на понижение
375,Комедия,Типа крутые легавые
375,Боевик,Типа крутые легавые
375,Криминал,Типа крутые легавые
376,Драма,Фрост против Никсона
376,История,Фрост против Никсона
377,Драма,Операция «Арго»
377,Триллер,Операция «Арго»
378,Комедия,Kingsman: Секретная служба
378,Боевик,Kingsman: Секретная служба
378,Криминал,Kingsman: Секретная служба
378,Приключения,Kingsman: Секретная служба
379,Приключения,Граф Монте-Кристо
380,Боевик,Черный ястреб
380,История,Черный ястреб
380,Военный,Черный ястреб
381,Комедия,Долгое прощание
381,Триллер,Долгое прощание
381,Криминал,Долгое прощание
381,Детектив,Долгое прощание
382,Драма,Крёстный отец 3
382,Триллер,Крёстный отец 3
382,Криминал,Крёстный отец 3
383,Драма,Невероятный мир глазами Энцо
383,Комедия,Невероятный мир глазами Энцо
383,Мелодрама,Невероятный мир глазами Энцо
384,Боевик,300 спартанцев
384,Приключения,300 спартанцев
384,Военный,300 спартанцев
385,Драма,Бегущий за ветром
386,Драма,Интервью с вампиром
386,Ужасы,Интервью с вампиром
386,Фэнтези,Интервью с вампиром
387,Драма,Дело Ричарда Джуэлла
387,Криминал,Дело Ричарда Джуэлла
387,История,Дело Ричарда Джуэлла
388,Драма,Елизавета
388,История,Елизавета
389,Драма,Пока не сыграл в ящик
389,Комедия,Пока не сыграл в ящик
390,Драма,Терминал
390,Комедия,Терминал
391,Драма,Эрин Брокович
392,Драма,Законопослушный гражданин
392,Триллер,Законопослушный гражданин
392,Криминал,Законопослушный гражданин
393,Драма,Сонная лощина
393,Триллер,Сонная лощина
393,Ужасы,Сонная лощина
393,Детектив,Сонная лощина
393,Фэнтези,Сонная лощина
394,Драма,Конец тура
395,Драма,Четыре льва
395,Комедия,Четыре льва
395,Криминал,Четыре льва
396,Драма,Джейн Эйр
396,Мелодрама,Джейн Эйр
397,Боевик,Отчаянный
397,Триллер,Отчаянный
397,Криминал,Отчаянный
398,Драма,Я - легенда
398,Триллер,Я - легенда
398,Фантастика,Я - легенда
399,Драма,Кинг Конг
399,Боевик,Кинг Конг
399,Приключения,Кинг Конг
400,Боевик,Крепкий орешек 4.0
400,Триллер,Крепкий орешек 4.0
401,Драма,На пределе
401,Криминал,На пределе
402,Драма,Грязь
402,Комедия,Грязь
402,Криминал,Грязь
403,Драма,Возмездие
403,История,Возмездие
404,Драма,Колония Дигнидад
404,Мелодрама,Колония Дигнидад
404,Триллер,Колония Дигнидад
404,Ужасы,Колония Дигнидад
405,Драма,Цвет денег
406,Драма,Тихий американец
406,Мелодрама,Тихий американец
406,Триллер,Тихий американец
407,Боевик,Стартрек: Бесконечность
407,Приключения,Стартрек: Бесконечность
407,Фантастика,Стартрек: Бесконечность
408,Комедия,Флетч
408,Криминал,Флетч
408,Детектив,Флетч
409,Драма,На грани
409,Боевик,На грани
409,Приключения,На грани
410,Триллер,Мы
410,Ужасы,Мы
410,Детектив,Мы
411,Драма,Скандал
411,История,Скандал
412,Боевик,Робот по имени Чаппи
412,Криминал,Робот по имени Чаппи
412,Фантастика,Робот по имени Чаппи
413,Драма,Толкин
413,Мелодрама,Толкин
413,История,Толкин
413,Военный,Толкин
414,Комедия,Деловая женщина
414,Мелодрама,Деловая женщина
415,Комедия,Kingsman: Золотое кольцо
415,Боевик,Kingsman: Золотое кольцо
415,Триллер,Kingsman: Золотое кольцо
415,Криминал,Kingsman: Золотое кольцо
415,Приключения,Kingsman: Золотое кольцо
416,Драма,Две королевы
416,История,Две королевы
417,Драма,Шаг вперёд 3D
417,Мелодрама,Шаг вперёд 3D
418,Драма,Сомния
418,Триллер,Сомния
418,Ужасы,Сомния
418,Фэнтези,Сомния
419,Комедия,Сиськастый волейбол
420,Драма,Битва за Севастополь
420,Мелодрама,Битва за Севастополь
420,Военный,Битва за Севастополь
421,Драма,Можно только представить
421,Музыка,Можно только представить
422,Драма,Охотник с Уолл-стрит
423,Драма,Леди Макбет
424,Триллер,Целуй меня насмерть
424,Детектив,Целуй меня насмерть
425,Драма,Работа без авторства
425,Мелодрама,Работа без авторства
425,Триллер,Работа без авторства
426,Драма,Крёстный отец
426,Криминал,Крёстный отец
427,Триллер,Бешеные псы
427,Криминал,Бешеные псы
428,Боевик,Индиана Джонс и последний крестовый поход
428,Приключения,Индиана Джонс и последний крестовый поход
429,Драма,Остров проклятых
429,Триллер,Остров проклятых
429,Детектив,Остров проклятых
430,Драма,В центре внимания
430,Триллер,В центре внимания
430,История,В центре внимания
431,Драма,Чёрный лебедь
431,Триллер,Чёрный лебедь
431,Ужасы,Чёрный лебедь
432,Драма,Магазинные воришки
433,Драма,Маленькая мисс Счастье
433,Комедия,Маленькая мисс Счастье
434,Драма,Самый быстрый Indian
435,Драма,Ирландец
435,Криминал,Ирландец
435,История,Ирландец
436,Драма,Идеальные незнакомцы
436,Комедия,Идеальные незнакомцы
437,Комедия,Полночь в Париже
437,Мелодрама,Полночь в Париже
437,Фэнтези,Полночь в Париже
438,Боевик,Рэмбо: Первая Кровь
438,Триллер,Рэмбо: Первая Кровь
438,Приключения,Рэмбо: Первая Кровь
438,Военный,Рэмбо: Первая Кровь
439,Драма,Ветреная река
439,Триллер,Ветреная река
439,Криминал,Ветреная река
439,Детектив,Ветреная река
440,Драма,Королевская битва
440,Боевик,Королевская битва
440,Триллер,Королевская битва
441,Драма,Отверженные
441,История,Отверженные
442,Детектив,Тёмный город
442,Фантастика,Тёмный город
443,Боевик,Робокоп
443,Триллер,Робокоп
443,Фантастика,Робокоп
444,Драма,Голос монстра
444,Фэнтези,Голос монстра
445,Драма,Легенды осени
445,Мелодрама,Легенды осени
445,Приключения,Легенды осени
445,Военный,Легенды осени
445,Вестерн,Легенды осени
446,Драма,Воровка книг
447,Драма,Дым
447,Комедия,Дым
448,Ужасы,Репортаж
448,Детектив,Репортаж
449,Драма,Любовь и милосердие
449,Музыка,Любовь и милосердие
449,История,Любовь и милосердие
450,Драма,Уолл-стрит
450,Криминал,Уолл-стрит
451,Драма,Пряности и страсти
451,Комедия,Пряности и страсти
452,Боевик,Рок-н-рольщик
452,Триллер,Рок-н-рольщик
452,Криминал,Рок-н-рольщик
453,Драма,Выстрел в пустоту
453,Триллер,Выстрел в пустоту
453,Криминал,Выстрел в пустоту
454,Драма,"Суини Тодд, демон-парикмахер с Флит-стрит"
454,Ужасы,"Суини Тодд, демон-парикмахер с Флит-стрит"
455,Драма,Опус мистера Холланда
455,Музыка,Опус мистера Холланда
455,Семейный,Опус мистера Холланда
456,Драма,Шулера
456,Криминал,Шулера
457,Драма,Невероятная жизнь Уолтера Митти
457,Комедия,Невероятная жизнь Уолтера Митти
457,Приключения,Невероятная жизнь Уолтера Митти
457,Фэнтези,Невероятная жизнь Уолтера Митти
458,Комедия,Агенты А.Н.К.Л.
458,Боевик,Агенты А.Н.К.Л.
458,Приключения,Агенты А.Н.К.Л.
459,Драма,Фонтан
459,Мелодрама,Фонтан
459,Приключения,Фонтан
459,Фантастика,Фонтан
460,Комедия,Смертельное оружие 2
460,Боевик,Смертельное оружие 2
460,Триллер,Смертельное оружие 2
460,Криминал,Смертельное оружие 2
460,Приключения,Смертельное оружие 2
461,Документальный,"FYRE: Величайшая вечеринка, которая не состоялась"
461,Телевизионный фильм,"FYRE: Величайшая вечеринка, которая не состоялась"
462,Драма,Мастер
463,Драма,Агора
463,Приключения,Агора
463,История,Агора
464,Драма,Ирландец
464,Боевик,Ирландец
464,Триллер,Ирландец
464,Криминал,Ирландец
465,Драма,Защитник
465,История,Защитник
466,Драма,Афера под прикрытием
466,Триллер,Афера под прикрытием
466,Криминал,Афера под прикрытием
467,Драма,Джонни Д.
467,Боевик,Джонни Д.
467,Криминал,Джонни Д.
467,История,Джонни Д.
468,Мелодрама,Меняющие реальность
468,Триллер,Меняющие реальность
468,Фантастика,Меняющие реальность
469,Триллер,Враг
469,Детектив,Враг
470,Драма,Дьявол носит Prada
470,Комедия,Дьявол носит Prada
470,Мелодрама,Дьявол носит Prada
471,Драма,Лолита
472,Семейный,Полёт навигатора
472,Приключения,Полёт навигатора
472,Фантастика,Полёт навигатора
473,Драма,"То, что ты делаешь"
473,Комедия,"То, что ты делаешь"
473,Мелодрама,"То, что ты делаешь"
473,Музыка,"То, что ты делаешь"
474,Драма,Призрачная красота
474,Мелодрама,Призрачная красота
475,Драма,И грянул шторм
475,Боевик,И грянул шторм
475,Триллер,И грянул шторм
475,История,И грянул шторм
476,Боевик,Остров
476,Триллер,Остров
476,Приключения,Остров
476,Фантастика,Остров
477,Драма,ЗащитнеГ
477,Комедия,ЗащитнеГ
477,Боевик,ЗащитнеГ
477,Криминал,ЗащитнеГ
478,Комедия,Yesterday
478,Мелодрама,Yesterday
478,Музыка,Yesterday
478,Фэнтези,Yesterday
479,Драма,Зов предков
479,Семейный,Зов предков
479,Приключения,Зов предков
480,Драма,Близнецы
481,Драма,Эмма.
481,Комедия,Эмма.
481,Мелодрама,Эмма.
482,Криминал,Хороший лжец
483,Драма,Киллер Джо
483,Триллер,Киллер Джо
483,Криминал,Киллер Джо
484,Боевик,Веном
484,Фантастика,Веном
485,Комедия,Чарли и шоколадная фабрика
485,Семейный,Чарли и шоколадная фабрика
485,Приключения,Чарли и шоколадная фабрика
485,Фэнтези,Чарли и шоколадная фабрика
486,Комедия,Сенсация
486,Детектив,Сенсация
487,Драма,Между нами горы
487,Мелодрама,Между нами горы
487,Приключения,Между нами горы
488,Семейный,Алиса в Зазеркалье
488,Приключения,Алиса в Зазеркалье
488,Фэнтези,Алиса в Зазеркалье
489,Драма,Клинок Бессмертного
489,Боевик,Клинок Бессмертного
489,Фэнтези,Клинок Бессмертного
490,Драма,Видок: Охотник на призраков
490,Триллер,Видок: Охотник на призраков
490,Криминал,Видок: Охотник на призраков
491,Драма,Маленькие секреты
491,Комедия,Маленькие секреты
492,Драма,Молодой Годар
492,Комедия,Молодой Годар
492,Мелодрама,Молодой Годар
493,Боевик,Властелин колец: Возвращение Короля
493,Приключения,Властелин колец: Возвращение Короля
493,Фэнтези,Властелин колец: Возвращение Короля
494,Драма,Интерстеллар
494,Приключения,Интерстеллар
494,Фантастика,Интерстеллар
495,Драма,Ребёнок Розмари
495,Ужасы,Ребёнок Розмари
496,Драма,Сладкая жизнь
496,Комедия,Сладкая жизнь
497,Драма,Жизнь Пи
497,Боевик,Жизнь Пи
497,Приключения,Жизнь Пи
498,Драма,Хористы
499,Драма,Богемская рапсодия
499,Музыка,Богемская рапсодия
499,История,Богемская рапсодия
500,Драма,Кролик Джоджо
500,Комедия,Кролик Джоджо
500,Военный,Кролик Джоджо
501,Драма,Письма с Иводзимы
501,Боевик,Письма с Иводзимы
501,Военный,Письма с Иводзимы
502,Драма,Таинственная река
502,Триллер,Таинственная река
502,Криминал,Таинственная река
502,Детектив,Таинственная река
503,Комедия,Шарада
503,Мелодрама,Шарада
503,Триллер,Шарада
503,Детектив,Шарада
504,Комедия,Джентльмены
504,Боевик,Джентльмены
504,Криминал,Джентльмены
505,Драма,Гордость и предубеждение
505,Мелодрама,Гордость и предубеждение
506,Драма,Вспоминая Титанов
507,Драма,Коммивояжер
507,Триллер,Коммивояжер
508,Драма,Империя Солнца
508,История,Империя Солнца
508,Военный,Империя Солнца
509,Боевик,Стражи Галактики. Часть 2
509,Приключения,Стражи Галактики. Часть 2
509,Фантастика,Стражи Галактики. Часть 2
510,Драма,Просто помиловать
510,Криминал,Просто помиловать
510,История,Просто помиловать
511,Драма,Планета обезьян: Революция
511,Боевик,Планета обезьян: Революция
511,Триллер,Планета обезьян: Революция
511,Фантастика,Планета обезьян: Революция
512,Драма,Американский психопат
512,Триллер,Американский психопат
512,Ужасы,Американский психопат
512,Криминал,Американский психопат
513,Триллер,Эффект бабочки
513,Фантастика,Эффект бабочки
514,Драма,Внутри Льюина Дэвиса
514,Музыка,Внутри Льюина Дэвиса
515,Драма,127 часов
515,Триллер,127 часов
515,Приключения,127 часов
516,Боевик,Голодные игры: И вспыхнет пламя
516,Приключения,Голодные игры: И вспыхнет пламя
516,Фантастика,Голодные игры: И вспыхнет пламя
517,Драма,Адвокат дьявола
517,Триллер,Адвокат дьявола
517,Ужасы,Адвокат дьявола
517,Детектив,Адвокат дьявола
518,Драма,Трамбо
519,Драма,С широко закрытыми глазами
519,Триллер,С широко закрытыми глазами
519,Детектив,С широко закрытыми глазами
520,Триллер,Области тьмы
520,Детектив,Области тьмы
520,Фантастика,Области тьмы
521,Драма,Голгофа
522,Драма,Эдди «Орёл»
522,Комедия,Эдди «Орёл»
522,Приключения,Эдди «Орёл»
522,История,Эдди «Орёл»
523,Драма,Планета обезьян: Война
523,Фантастика,Планета обезьян: Война
523,Военный,Планета обезьян: Война
524,Драма,Линкольн для адвоката
524,Триллер,Линкольн для адвоката
524,Криминал,Линкольн для адвоката
525,Драма,Человек на Луне
525,История,Человек на Луне
526,Боевик,Ронин
526,Триллер,Ронин
526,Криминал,Ронин
526,Приключения,Ронин
527,Драма,Твин Пикс: Сквозь огонь
527,Детектив,Твин Пикс: Сквозь огонь
528,Триллер,"Кто Вы, Мистер Брукс?"
528,Криминал,"Кто Вы, Мистер Брукс?"
529,Комедия,Воспитание Аризоны
529,Криминал,Воспитание Аризоны
530,Комедия,Мужской стриптиз
531,Боевик,От заката до рассвета
531,Триллер,От заката до рассвета
531,Ужасы,От заката до рассвета
531,Криминал,От заката до рассвета
532,Драма,Кирпич
532,Детектив,Кирпич
533,Триллер,Куб
533,Детектив,Куб
533,Фантастика,Куб
534,Комедия,Сделано в Америке
534,Боевик,Сделано в Америке
534,Криминал,Сделано в Америке
535,Драма,Сумасшедшее сердце
535,Мелодрама,Сумасшедшее сердце
535,Музыка,Сумасшедшее сердце
536,Триллер,Красный Дракон
536,Ужасы,Красный Дракон
536,Криминал,Красный Дракон
536,Детектив,Красный Дракон
537,Драма,Наркотик
537,Комедия,Наркотик
537,Криминал,Наркотик
538,Боевик,"Я, робот"
538,Фантастика,"Я, робот"
539,Драма,Впусти меня. Сага
539,Ужасы,Впусти меня. Сага
539,Детектив,Впусти меня. Сага
540,Драма,Всё путём
541,Драма,Мученицы
541,Триллер,Мученицы
541,Ужасы,Мученицы
542,Драма,Союзники
542,Мелодрама,Союзники
542,Боевик,Союзники
542,Триллер,Союзники
542,Военный,Союзники
543,Драма,Сможете ли вы меня простить?
543,Комедия,Сможете ли вы меня простить?
543,Криминал,Сможете ли вы меня простить?
544,Драма,Совокупность лжи
544,Боевик,Совокупность лжи
544,Триллер,Совокупность лжи
545,Драма,Война миров Z
545,Боевик,Война миров Z
545,Триллер,Война миров Z
545,Ужасы,Война миров Z
545,Фантастика,Война миров Z
546,Драма,На границе миров
546,Криминал,На границе миров
546,Фэнтези,На границе миров
547,Драма,Джейн Остин
547,Мелодрама,Джейн Остин
548,Боевик,Мир Юрского периода
548,Триллер,Мир Юрского периода
548,Приключения,Мир Юрского периода
548,Фантастика,Мир Юрского периода
549,Драма,Мой личный штат Айдахо
549,Приключения,Мой личный штат Айдахо
550,Драма,Предатель
550,Боевик,Предатель
550,Триллер,Предатель
550,Криминал,Предатель
551,Драма,Наркокурьер
551,Триллер,Наркокурьер
551,Криминал,Наркокурьер
552,Драма,Падший
552,Боевик,Падший
552,Триллер,Падший
552,Ужасы,Падший
552,Криминал,Падший
553,Драма,Сёрфер души
553,Семейный,Сёрфер души
554,Драма,Убийство священного оленя
554,Триллер,Убийство священного оленя
554,Детектив,Убийство священного оленя
555,Драма,Новая рождественская сказка
555,Комедия,Новая рождественская сказка
555,Фэнтези,Новая рождественская сказка
556,Приключения,Прометей
556,Детектив,Прометей
556,Фантастика,Прометей
557,Триллер,Секретные материалы: Борьба за будущее
557,Детектив,Секретные материалы: Борьба за будущее
557,Фантастика,Секретные материалы: Борьба за будущее
558,Драма,Сильнее
559,Триллер,28 недель спустя
559,Ужасы,28 недель спустя
559,Фантастика,28 недель спустя
560,Драма,Призраки Гойи
561,Драма,Лучший стрелок
561,Боевик,Лучший стрелок
561,Приключения,Лучший стрелок
562,Драма,Крутые времена
562,Боевик,Крутые времена
562,Триллер,Крутые времена
562,Криминал,Крутые времена
563,Драма,Интуиция
563,Комедия,Интуиция
563,Мелодрама,Интуиция
564,Комедия,Всегда говори «ДА»
564,Мелодрама,Всегда говори «ДА»
565,Триллер,Суспирия
565,Ужасы,Суспирия
566,Драма,Милые кости
566,Фэнтези,Милые кости
567,Комедия,Автостопом по галактике
567,Семейный,Автостопом по галактике
567,Приключения,Автостопом по галактике
567,Фантастика,Автостопом по галактике
568,Драма,22 пули: Бессмертный
568,Триллер,22 пули: Бессмертный
568,Криминал,22 пули: Бессмертный
569,Боевик,Хантер Киллер
569,Триллер,Хантер Киллер
570,Драма,Неповиновение
570,Мелодрама,Неповиновение
571,Мелодрама,Багровый пик
571,Триллер,Багровый пик
571,Ужасы,Багровый пик
571,Детектив,Багровый пик
572,Драма,Двойник
572,Триллер,Двойник
573,Боевик,Бладшот
573,Фантастика,Бладшот
574,Драма,Букшоп
575,Триллер,Убийцы
575,Криминал,Убийцы
575,Детектив,Убийцы
576,Драма,Салют-7
576,Боевик,Салют-7
576,Приключения,Салют-7
577,Драма,Место встречи
577,Триллер,Место встречи
577,Детектив,Место встречи
578,Драма,Тюльпанная лихорадка
578,Мелодрама,Тюльпанная лихорадка
579,Драма,Брошенный кролик (фильм)
579,Комедия,Брошенный кролик (фильм)
580,Драма,Подозрительные лица
580,Триллер,Подозрительные лица
580,Криминал,Подозрительные лица
581,Ужасы,Чужой
581,Фантастика,Чужой
582,Мелодрама,Головокружение
582,Триллер,Головокружение
582,Детектив,Головокружение
583,Боевик,Чужие
583,Триллер,Чужие
583,Фантастика,Чужие
584,Комедия,Монти Пайтон и священный Грааль
584,Приключения,Монти Пайтон и священный Грааль
584,Фэнтези,Монти Пайтон и священный Грааль
585,Драма,Бахубали: Рождение легенды
585,Боевик,Бахубали: Рождение легенды
585,Приключения,Бахубали: Рождение легенды
586,Драма,Секреты Лос-Анджелеса
586,Триллер,Секреты Лос-Анджелеса
586,Криминал,Секреты Лос-Анджелеса
586,Детектив,Секреты Лос-Анджелеса
587,Драма,Исчезнувшая
587,Триллер,Исчезнувшая
587,Детектив,Исчезнувшая
588,Драма,Воспоминания об убийстве
588,Триллер,Воспоминания об убийстве
588,Криминал,Воспоминания об убийстве
589,Драма,Гонка
589,Боевик,Гонка
590,Драма,Догвилль
590,Триллер,Догвилль
590,Криминал,Догвилль
591,Драма,Броненосец Потёмкин
591,История,Броненосец Потёмкин
592,Драма,Залечь на дно в Брюгге
592,Комедия,Залечь на дно в Брюгге
592,Криминал,Залечь на дно в Брюгге
593,Триллер,Глубокий сон
593,Криминал,Глубокий сон
593,Детектив,Глубокий сон
594,Драма,Капитан Фантастик
594,Приключения,Капитан Фантастик
595,Боевик,Железный человек
595,Приключения,Железный человек
595,Фантастика,Железный человек
596,Драма,На исходе дня
596,Мелодрама,На исходе дня
597,Драма,Эд Вуд
597,Комедия,Эд Вуд
597,История,Эд Вуд
598,Драма,Искупление
598,Мелодрама,Искупление
599,Триллер,Я видел дьявола
599,Ужасы,Я видел дьявола
600,Драма,Зодиак
600,Триллер,Зодиак
600,Криминал,Зодиак
600,Детектив,Зодиак
601,Драма,Гнев
601,Боевик,Гнев
601,Триллер,Гнев
602,Драма,Столкновение
603,Триллер,Исчезновение
603,Ужасы,Исчезновение
604,Драма,Быть Джоном Малковичем
604,Комедия,Быть Джоном Малковичем
604,Фэнтези,Быть Джоном Малковичем
605,Драма,Однажды в… Голливуде
605,Комедия,Однажды в… Голливуде
605,Триллер,Однажды в… Голливуде
606,Драма,Тёмные воды
606,Триллер,Тёмные воды
606,История,Тёмные воды
607,Триллер,Кроваво-красное
607,Ужасы,Кроваво-красное
607,Детектив,Кроваво-красное
608,Ужасы,Муха
608,Фантастика,Муха
609,Драма,Холодная война
609,Мелодрама,Холодная война
609,Музыка,Холодная война
609,Военный,Холодная война
610,Комедия,Один дома
610,Семейный,Один дома
611,Драма,Патруль
611,Триллер,Патруль
611,Криминал,Патруль
612,Драма,Прощание
612,Комедия,Прощание
613,Драма,"Прощай, детка, прощай"
613,Криминал,"Прощай, детка, прощай"
613,Детектив,"Прощай, детка, прощай"
614,Драма,Одарённая
614,Комедия,Одарённая
614,Семейный,Одарённая
615,Драма,Лестница Иакова
615,Ужасы,Лестница Иакова
615,Детектив,Лестница Иакова
616,Драма,Боль и слава
617,Ужасы,Техасская резня бензопилой
618,Драма,Фаворитка
618,Комедия,Фаворитка
618,История,Фаворитка
619,Боевик,Шерлок Холмс: Игра теней
619,Криминал,Шерлок Холмс: Игра теней
619,Приключения,Шерлок Холмс: Игра теней
619,Детектив,Шерлок Холмс: Игра теней
620,Боевик,Охотники за головами
620,Триллер,Охотники за головами
620,Криминал,Охотники за головами
621,Ужасы,Вторжение похитителей тел
621,Детектив,Вторжение похитителей тел
621,Фантастика,Вторжение похитителей тел
622,Драма,Свидетель
622,Мелодрама,Свидетель
622,Триллер,Свидетель
622,Криминал,Свидетель
623,Драма,Левша
623,Боевик,Левша
624,Драма,Большая игра
624,Криминал,Большая игра
625,Драма,Джуно
625,Комедия,Джуно
625,Мелодрама,Джуно
626,Драма,13 часов: Тайные солдаты Бенгази
626,Боевик,13 часов: Тайные солдаты Бенгази
626,Триллер,13 часов: Тайные солдаты Бенгази
626,История,13 часов: Тайные солдаты Бенгази
626,Военный,13 часов: Тайные солдаты Бенгази
627,Вестерн,Имя ему Смерть
628,Драма,Красивый мальчик
629,Драма,Прогулка
629,Триллер,Прогулка
629,Приключения,Прогулка
630,Драма,"Доброе утро, Вьетнам"
630,Комедия,"Доброе утро, Вьетнам"
630,Военный,"Доброе утро, Вьетнам"
631,Комедия,Пропащие ребята
631,Ужасы,Пропащие ребята
632,Драма,Спасительный рассвет
632,Приключения,Спасительный рассвет
632,Военный,Спасительный рассвет
633,Ужасы,Сердце ангела
633,Детектив,Сердце ангела
634,Драма,Амистад
634,Детектив,Амистад
634,История,Амистад
635,Драма,Монстр
635,Криминал,Монстр
636,Драма,Линкольн
636,История,Линкольн
637,Драма,Жена
638,Боевик,Звёздный путь 6: Неоткрытая страна
638,Триллер,Звёздный путь 6: Неоткрытая страна
638,Приключения,Звёздный путь 6: Неоткрытая страна
638,Фантастика,Звёздный путь 6: Неоткрытая страна
639,Боевик,Матрица: Перезагрузка
639,Триллер,Матрица: Перезагрузка
639,Приключения,Матрица: Перезагрузка
639,Фантастика,Матрица: Перезагрузка
640,Драма,Догмэн
640,Триллер,Догмэн
640,Криминал,Догмэн
641,Драма,Боевой конь
641,Боевик,Боевой конь
641,Военный,Боевой конь
642,Драма,Великий Гэтсби
642,Мелодрама,Великий Гэтсби
643,Драма,Начинающие
643,Комедия,Начинающие
643,Мелодрама,Начинающие
644,Драма,Царство небесное
644,Боевик,Царство небесное
644,Приключения,Царство небесное
644,История,Царство небесное
644,Военный,Царство небесное
645,Драма,11:14
645,Триллер,11:14
645,Криминал,11:14
645,Детектив,11:14
646,Драма,Чикаго
646,Комедия,Чикаго
646,Криминал,Чикаго
647,Документальный,Майкл Джексон: Вот и всё
647,Музыка,Майкл Джексон: Вот и всё
648,Триллер,Призрак
648,Детектив,Призрак
649,Комедия,Дикие сердцем
649,Триллер,Дикие сердцем
649,Криминал,Дикие сердцем
650,Драма,8 миля
650,Музыка,8 миля
651,Драма,Нет выхода
651,Боевик,Нет выхода
651,Триллер,Нет выхода
652,Триллер,Не дыши
652,Ужасы,Не дыши
653,Драма,Крид 2
654,Боевик,Железный человек 3
654,Приключения,Железный человек 3
654,Фантастика,Железный человек 3
655,Драма,Дикая
656,Триллер,Руины прошлого
656,Криминал,Руины прошлого
657,Драма,Рокки Бальбоа
657,Боевик,Рокки Бальбоа
658,Драма,Месть от кутюр
658,Комедия,Месть от кутюр
658,Вестерн,Месть от кутюр
659,Комедия,Мальчик на троих
660,Драма,Англичанин
660,Криминал,Англичанин
660,Детектив,Англичанин
661,Боевик,Братство волка
661,Ужасы,Братство волка
661,Приключения,Братство волка
661,История,Братство волка
662,Боевик,Тор
662,Приключения,Тор
662,Фэнтези,Тор
663,Драма,Богема
663,Мелодрама,Богема
664,Триллер,Тринадцать друзей Оушена
664,Криминал,Тринадцать друзей Оушена
665,Комедия,Семейка Аддамс
665,Ужасы,Семейка Аддамс
665,Семейный,Семейка Аддамс
665,Фэнтези,Семейка Аддамс
666,Драма,Альфа Дог
666,Триллер,Альфа Дог
666,Криминал,Альфа Дог
667,Мелодрама,Ванильное небо
667,Триллер,Ванильное небо
667,Фантастика,Ванильное небо
667,Фэнтези,Ванильное небо
668,Комедия,Люди в чёрном 3
668,Боевик,Люди в чёрном 3
668,Фантастика,Люди в чёрном 3
669,Драма,Группировка 'Восток'
669,Триллер,Группировка 'Восток'
670,Комедия,Zомбилэнд: Контрольный выстрел
670,Боевик,Zомбилэнд: Контрольный выстрел
670,Ужасы,Zомбилэнд: Контрольный выстрел
671,Ужасы,Пункт назначения
672,Драма,Во всё тяжкое
672,Комедия,Во всё тяжкое
673,Боевик,Обитель зла
673,Ужасы,Обитель зла
673,Фантастика,Обитель зла
674,Драма,Битва полов
674,Комедия,Битва полов
674,История,Битва полов
675,Драма,Фокус
675,Комедия,Фокус
675,Мелодрама,Фокус
675,Криминал,Фокус
676,Комедия,Счастливого дня смерти
676,Ужасы,Счастливого дня смерти
676,Детектив,Счастливого дня смерти
677,Семейный,Алиса в стране чудес
677,Приключения,Алиса в стране чудес
677,Фэнтези,Алиса в стране чудес
678,Драма,В объятиях лжи
678,Триллер,В объятиях лжи
678,Ужасы,В объятиях лжи
678,Детектив,В объятиях лжи
679,Драма,Маршалл
680,Комедия,Настоящие боссы
681,Боевик,Место встречи изменить нельзя
681,Криминал,Место встречи изменить нельзя
681,Детектив,Место встречи изменить нельзя
682,Драма,Это всего лишь конец света
683,Комедия,Госпожа Кагуя: В любви как на войне
683,Мелодрама,Госпожа Кагуя: В любви как на войне
684,Триллер,Ремнант: Всё ещё вижу тебя
684,Фэнтези,Ремнант: Всё ещё вижу тебя
685,Драма,Пираньи Неаполя
685,Криминал,Пираньи Неаполя
686,Комедия,Маленькая Италия
686,Мелодрама,Маленькая Италия
687,Боевик,Властелин колец: Братство кольца
687,Приключения,Властелин колец: Братство кольца
687,Фэнтези,Властелин колец: Братство кольца
688,Драма,1+1
688,Комедия,1+1
689,Драма,Психо
689,Триллер,Психо
689,Ужасы,Психо
690,Боевик,Звёздные войны: Эпизод 6 - Возвращение Джедая
690,Приключения,Звёздные войны: Эпизод 6 - Возвращение Джедая
690,Фантастика,Звёздные войны: Эпизод 6 - Возвращение Джедая
691,Документальный,Инсайдеры
692,Драма,Игры разума
692,Мелодрама,Игры разума
693,Боевик,Крепкий орешек
693,Триллер,Крепкий орешек
694,Драма,Белая горячка
694,Триллер,Белая горячка
694,Криминал,Белая горячка
695,Драма,Дьяволицы
695,Триллер,Дьяволицы
695,Ужасы,Дьяволицы
696,Драма,Малышка на миллион
697,Боевик,«V» значит Вендетта
697,Триллер,«V» значит Вендетта
697,Фэнтези,«V» значит Вендетта
698,Драма,Ford против Ferrari
698,Боевик,Ford против Ferrari
698,История,Ford против Ferrari
699,Драма,Жертвоприношение
700,Драма,Ла-Ла Ленд
700,Комедия,Ла-Ла Ленд
700,Мелодрама,Ла-Ла Ленд
700,Музыка,Ла-Ла Ленд
701,Драма,Убийство
701,Триллер,Убийство
701,Криминал,Убийство
702,Драма,Игра в имитацию
702,Триллер,Игра в имитацию
702,История,Игра в имитацию
702,Военный,Игра в имитацию
703,Драма,Скафандр и бабочка
704,Драма,Из прошлого
704,Мелодрама,Из прошлого
704,Триллер,Из прошлого
704,Криминал,Из прошлого
705,Драма,Полуночная жара
705,Триллер,Полуночная жара
705,Криминал,Полуночная жара
705,Детектив,Полуночная жара
706,Драма,Почти знаменит
706,Музыка,Почти знаменит
707,Драма,Цветы лиловые полей
708,Драма,Бёрдмэн
708,Комедия,Бёрдмэн
709,Драма,В Америке
710,Драма,Тренировочный день
710,Боевик,Тренировочный день
710,Триллер,Тренировочный день
710,Криминал,Тренировочный день
711,Драма,Жилец
711,Триллер,Жилец
711,Ужасы,Жилец
712,Драма,Писатели свободы
712,Криминал,Писатели свободы
713,Драма,Шпионский мост
713,Триллер,Шпионский мост
714,Драма,Бьютифул
715,Драма,Уцелевший
715,Боевик,Уцелевший
715,История,Уцелевший
715,Военный,Уцелевший
716,Боевик,Вспомнить всё
716,Приключения,Вспомнить всё
716,Фантастика,Вспомнить всё
717,Триллер,Исходный код
717,Детектив,Исходный код
717,Фантастика,Исходный код
718,Триллер,Патруль времени
718,Фантастика,Патруль времени
719,Комедия,Успеть до полуночи
719,Криминал,Успеть до полуночи
719,Приключения,Успеть до полуночи
720,Драма,"Дорога, дорога домой"
720,Комедия,"Дорога, дорога домой"
721,Драма,Сити-Айленд
721,Комедия,Сити-Айленд
722,Документальный,Неудобная правда
723,Боевик,Чудо-женщина
723,Приключения,Чудо-женщина
723,Фэнтези,Чудо-женщина
724,Комедия,Большой переполох в маленьком Китае
724,Боевик,Большой переполох в маленьком Китае
724,Приключения,Большой переполох в маленьком Китае
724,Фэнтези,Большой переполох в маленьком Китае
725,Драма,Укрытие
725,Триллер,Укрытие
725,Ужасы,Укрытие
726,Драма,Непокорённый
726,История,Непокорённый
727,Драма,Форма воды
727,Мелодрама,Форма воды
727,Фэнтези,Форма воды
728,Вестерн,Сильверадо
729,Драма,Мост в Терабитию
729,Семейный,Мост в Терабитию
729,Приключения,Мост в Терабитию
730,Драма,Чемпион
731,Драма,Мартовские иды
732,Драма,Эверест
732,Приключения,Эверест
732,История,Эверест
733,Драма,Привидение
733,Мелодрама,Привидение
733,Триллер,Привидение
733,Детектив,Привидение
733,Фэнтези,Привидение
734,Ужасы,Костяной томагавк
734,Вестерн,Костяной томагавк
735,Драма,Короли Догтауна
736,Драма,Море Солтона
736,Триллер,Море Солтона
736,Криминал,Море Солтона
736,Детектив,Море Солтона
737,Драма,Если Бил-стрит могла бы заговорить
737,Мелодрама,Если Бил-стрит могла бы заговорить
738,Драма,Новейший завет
738,Комедия,Новейший завет
738,Фэнтези,Новейший завет
739,Комедия,Шазам!
739,Боевик,Шазам!
739,Фэнтези,Шазам!
740,Комедия,Армагеддец
740,Боевик,Армагеддец
740,Фантастика,Армагеддец
741,Драма,Одержимость
741,Мелодрама,Одержимость
741,Триллер,Одержимость
741,Детектив,Одержимость
742,Триллер,Основной инстинкт
742,Детектив,Основной инстинкт
743,Боевик,Константин: Повелитель тьмы
743,Ужасы,Константин: Повелитель тьмы
743,Фэнтези,Константин: Повелитель тьмы
744,Боевик,Книга Илая
744,Триллер,Книга Илая
744,Фантастика,Книга Илая
745,Комедия,Матильда
745,Семейный,Матильда
745,Фэнтези,Матильда
746,Драма,Спасатель
746,Боевик,Спасатель
747,Драма,История призрака
747,Фэнтези,История призрака
748,Комедия,Каждому своё
749,Драма,Воды слонам!
749,Мелодрама,Воды слонам!
750,Драма,Борг/Макинрой
750,История,Борг/Макинрой
751,Драма,Аноним
751,Триллер,Аноним
751,История,Аноним
752,Драма,Дневник девочки-подростка
752,Мелодрама,Дневник девочки-подростка
753,Драма,День драфта
754,Драма,Схватка
754,Боевик,Схватка
754,Триллер,Схватка
754,Приключения,Схватка
755,Боевик,Голодные игры: Сойка-пересмешница. Часть 2
755,Приключения,Голодные игры: Сойка-пересмешница. Часть 2
755,Фантастика,Голодные игры: Сойка-пересмешница. Часть 2
756,Криминал,Нерв
756,Приключения,Нерв
756,Детектив,Нерв
757,Боевик,Звёздные войны: Эпизод 9 - Скайуокер. Восход
757,Приключения,Звёздные войны: Эпизод 9 - Скайуокер. Восход
757,Фантастика,Звёздные войны: Эпизод 9 - Скайуокер. Восход
758,Комедия,"Али, рули!"
758,Боевик,"Али, рули!"
759,Триллер,Гретель и Гензель
759,Ужасы,Гретель и Гензель
759,Фэнтези,Гретель и Гензель
760,Драма,Пеле: Рождение легенды
761,Комедия,12 стульев
761,Приключения,12 стульев
762,Драма,Большие надежды
762,Мелодрама,Большие надежды
763,Драма,Франц
763,Мелодрама,Франц
763,История,Франц
764,Драма,Девятая жизнь Луи Дракса
764,Триллер,Девятая жизнь Луи Дракса
764,Детектив,Девятая жизнь Луи Дракса
764,Фэнтези,Девятая жизнь Луи Дракса
765,Драма,Война токов
765,История,Война токов
766,Драма,Кристин
767,Боевик,Матрица
767,Фантастика,Матрица
768,Драма,Славные парни
768,Криминал,Славные парни
769,Документальный,Сенна
770,Триллер,Сияние
770,Ужасы,Сияние
771,Триллер,На север через северо-запад
771,Детектив,На север через северо-запад
772,Комедия,Большой куш
772,Криминал,Большой куш
773,Драма,Двойная страховка
773,Триллер,Двойная страховка
773,Криминал,Двойная страховка
773,Детектив,Двойная страховка
774,Драма,Казино
774,Криминал,Казино
775,Триллер,Самурай
775,Криминал,Самурай
776,Драма,Солярис
776,Детектив,Солярис
776,Фантастика,Солярис
777,Драма,Фарго
777,Триллер,Фарго
777,Криминал,Фарго
778,Драма,Кабинет доктора Калигари
778,Триллер,Кабинет доктора Калигари
778,Ужасы,Кабинет доктора Калигари
778,Криминал,Кабинет доктора Калигари
779,Боевик,007: Казино Рояль
779,Триллер,007: Казино Рояль
779,Приключения,007: Казино Рояль
780,Драма,Кровавый алмаз
780,Боевик,Кровавый алмаз
780,Триллер,Кровавый алмаз
781,Триллер,12 обезьян
781,Детектив,12 обезьян
781,Фантастика,12 обезьян
782,Драма,Выживший
782,Приключения,Выживший
782,Вестерн,Выживший
783,Драма,Голос улиц
783,Музыка,Голос улиц
784,Драма,Апокалипсис
784,Боевик,Апокалипсис
784,Триллер,Апокалипсис
784,Приключения,Апокалипсис
785,Драма,Титаник
785,Мелодрама,Титаник
786,Драма,Бронкская история
786,Криминал,Бронкская история
787,Драма,Пробуждение
788,Боевик,007: Координаты «Скайфолл»
788,Триллер,007: Координаты «Скайфолл»
788,Приключения,007: Координаты «Скайфолл»
789,Боевик,Хоббит: Пустошь Смауга
789,Приключения,Хоббит: Пустошь Смауга
789,Фэнтези,Хоббит: Пустошь Смауга
790,Драма,Беглец
790,Боевик,Беглец
790,Триллер,Беглец
791,Драма,Миссисипи в огне
791,Триллер,Миссисипи в огне
791,Криминал,Миссисипи в огне
791,История,Миссисипи в огне
792,Драма,Последний самурай
792,Боевик,Последний самурай
792,История,Последний самурай
792,Военный,Последний самурай
793,Драма,Отвращение
793,Триллер,Отвращение
793,Ужасы,Отвращение
794,Драма,Из машины
794,Фантастика,Из машины
795,Драма,Открой глаза
795,Триллер,Открой глаза
796,Драма,Социальная сеть
797,Драма,Игра
797,Триллер,Игра
797,Детектив,Игра
798,Драма,Проклятый путь
798,Триллер,Проклятый путь
798,Криминал,Проклятый путь
799,Триллер,28 дней спустя
799,Ужасы,28 дней спустя
799,Фантастика,28 дней спустя
800,Драма,Здесь курят
800,Комедия,Здесь курят
801,Драма,На обочине
801,Комедия,На обочине
801,Мелодрама,На обочине
802,Драма,Преследование
802,Триллер,Преследование
803,Драма,Восстание Планеты обезьян
803,Боевик,Восстание Планеты обезьян
803,Триллер,Восстание Планеты обезьян
803,Фантастика,Восстание Планеты обезьян
804,Драма,Парни не плачут
804,Криминал,Парни не плачут
805,Драма,Всё ещё Элис
806,Драма,Часы
807,Драма,Призрачная нить
807,Мелодрама,Призрачная нить
808,Боевик,Петля времени
808,Триллер,Петля времени
808,Фантастика,Петля времени
809,Триллер,Дипломная работа
809,Ужасы,Дипломная работа
810,Драма,Дилер
810,Боевик,Дилер
810,Триллер,Дилер
810,Криминал,Дилер
811,Драма,Книга джунглей
811,Семейный,Книга джунглей
811,Приключения,Книга джунглей
811,Фэнтези,Книга джунглей
812,Приключения,Звёздный путь 4: Дорога Домой
812,Фантастика,Звёздный путь 4: Дорога Домой
813,Драма,Великолепная афера
813,Комедия,Великолепная афера
813,Триллер,Великолепная афера
813,Криминал,Великолепная афера
814,Драма,Народ против Ларри Флинта
815,Драма,По волчьим законам
815,Триллер,По волчьим законам
815,Криминал,По волчьим законам
815,Детектив,По волчьим законам
816,Триллер,Доктор Сон
816,Ужасы,Доктор Сон
817,Драма,Потомки
817,Комедия,Потомки
818,Триллер,Перелом
819,Драма,Приговор
820,Ужасы,Спуск
820,Приключения,Спуск
821,Драма,Близость
822,Приключения,Голодные игры
822,Фантастика,Голодные игры
822,Фэнтези,Голодные игры
823,Драма,Ограды
824,Драма,"Кловерфилд, 10"
824,Триллер,"Кловерфилд, 10"
824,Ужасы,"Кловерфилд, 10"
824,Фантастика,"Кловерфилд, 10"
825,Драма,Рождённый четвёртого июля
825,Военный,Рождённый четвёртого июля
826,Боевик,Звездный десант
826,Триллер,Звездный десант
826,Приключения,Звездный десант
826,Фантастика,Звездный десант
827,Драма,Расплата
827,Боевик,Расплата
827,Криминал,Расплата
828,Драма,Флаги наших отцов
828,История,Флаги наших отцов
828,Военный,Флаги наших отцов
829,Драма,Вердикт за деньги
829,Триллер,Вердикт за деньги
830,Комедия,Стажёр
831,Драма,Глубоководный горизонт
831,Боевик,Глубоководный горизонт
832,Драма,Операция Валькирия
832,Триллер,Операция Валькирия
832,История,Операция Валькирия
832,Военный,Операция Валькирия
833,Драма,Ноттинг Хилл
833,Комедия,Ноттинг Хилл
833,Мелодрама,Ноттинг Хилл
834,Боевик,Ограбление по-итальянски
834,Криминал,Ограбление по-итальянски
835,Драма,Один день
835,Мелодрама,Один день
836,Драма,Слова
836,Триллер,Слова
837,Драма,Клад
837,Комедия,Клад
837,Семейный,Клад
837,Приключения,Клад
838,Драма,Последний замок
838,Боевик,Последний замок
838,Триллер,Последний замок
839,Комедия,Предместье
839,Триллер,Предместье
839,Ужасы,Предместье
840,Драма,История рыцаря
840,Мелодрама,История рыцаря
840,Боевик,История рыцаря
840,Приключения,История рыцаря
841,Драма,В погоне за Бонни и Клайдом
841,Триллер,В погоне за Бонни и Клайдом
841,Криминал,В погоне за Бонни и Клайдом
842,Комедия,Плохие парни
842,Боевик,Плохие парни
842,Триллер,Плохие парни
842,Криминал,Плохие парни
843,Мелодрама,Умереть заново
843,Триллер,Умереть заново
843,Детектив,Умереть заново
844,Драма,Свободный штат Джонса
844,Боевик,Свободный штат Джонса
844,История,Свободный штат Джонса
844,Военный,Свободный штат Джонса
845,Ужасы,Ведьмы
845,Семейный,Ведьмы
845,Приключения,Ведьмы
845,Фэнтези,Ведьмы
846,Драма,Прямая и явная угроза
846,Боевик,Прямая и явная угроза
846,Триллер,Прямая и явная угроза
847,Ужасы,1408
848,Комедия,Девичник в Вегасе
848,Мелодрама,Девичник в Вегасе
849,Драма,Древо жизни
849,Фэнтези,Древо жизни
850,Ужасы,Аннигиляция
850,Фантастика,Аннигиляция
851,Триллер,Кровавая жатва
851,Ужасы,Кровавая жатва
851,Детектив,Кровавая жатва
852,Боевик,Великий уравнитель 2
852,Триллер,Великий уравнитель 2
852,Криминал,Великий уравнитель 2
853,Боевик,Игра Эндера
853,Приключения,Игра Эндера
853,Фантастика,Игра Эндера
854,Боевик,Плохие парни навсегда
854,Триллер,Плохие парни навсегда
854,Криминал,Плохие парни навсегда
855,Драма,Убийство в «Восточном экспрессе»
855,Криминал,Убийство в «Восточном экспрессе»
855,Детектив,Убийство в «Восточном экспрессе»
856,Драма,Последний отпуск
856,Комедия,Последний отпуск
856,Приключения,Последний отпуск
857,Комедия,Иллюзия обмана 2
857,Боевик,Иллюзия обмана 2
857,Триллер,Иллюзия обмана 2
858,Боевик,Бегущий в лабиринте: Лекарство от смерти
858,Триллер,Бегущий в лабиринте: Лекарство от смерти
858,Приключения,Бегущий в лабиринте: Лекарство от смерти
858,Фантастика,Бегущий в лабиринте: Лекарство от смерти
859,Боевик,Зов волка
859,Триллер,Зов волка
860,Триллер,Гипноз
860,Ужасы,Гипноз
861,Триллер,Логово Монстра
861,Ужасы,Логово Монстра
861,Криминал,Логово Монстра
862,Триллер,Завет доктора Мабузе
862,Ужасы,Завет доктора Мабузе
862,Криминал,Завет доктора Мабузе
862,Детектив,Завет доктора Мабузе
863,Драма,Частная война
863,Военный,Частная война
864,Комедия,Не покидай...
864,Мелодрама,Не покидай...
864,Семейный,Не покидай...
865,Драма,"Это убийство, моя милочка"
865,Триллер,"Это убийство, моя милочка"
865,Криминал,"Это убийство, моя милочка"
865,Детектив,"Это убийство, моя милочка"
866,Триллер,"Город, в котором меня нет"
866,Фэнтези,"Город, в котором меня нет"
867,Драма,Энн из Зеленых крыш
867,Семейный,Энн из Зеленых крыш
868,Драма,Курск
868,Боевик,Курск
868,Триллер,Курск
868,История,Курск
869,Драма,Крёстный отец 2
869,Криминал,Крёстный отец 2
870,Драма,Тёмный рыцарь: Возрождение легенды
870,Боевик,Тёмный рыцарь: Возрождение легенды
870,Триллер,Тёмный рыцарь: Возрождение легенды
870,Криминал,Тёмный рыцарь: Возрождение легенды
871,Драма,Бесславные ублюдки
871,Боевик,Бесславные ублюдки
871,Триллер,Бесславные ублюдки
871,Военный,Бесславные ублюдки
872,Документальный,Они никогда не станут старше
872,История,Они никогда не станут старше
872,Военный,Они никогда не станут старше
873,Вестерн,Непрощённый
874,Драма,Таксист
874,Криминал,Таксист
875,Драма,Шерлок: Безобразная Невеста
875,Криминал,Шерлок: Безобразная Невеста
875,Детектив,Шерлок: Безобразная Невеста
875,Телевизионный фильм,Шерлок: Безобразная Невеста
876,Драма,Хатико: Самый верный друг
876,Семейный,Хатико: Самый верный друг
877,Драма,Ночь охотника
877,Триллер,Ночь охотника
877,Криминал,Ночь охотника
878,Драма,Вся президентская рать
878,Триллер,Вся президентская рать
878,Детектив,Вся президентская рать
878,История,Вся президентская рать
879,Триллер,Верёвка
879,Криминал,Верёвка
880,Боевик,Убить Билла: Фильм 2
880,Триллер,Убить Билла: Фильм 2
880,Криминал,Убить Билла: Фильм 2
881,Драма,38-я параллель
881,Боевик,38-я параллель
881,Приключения,38-я параллель
881,История,38-я параллель
881,Военный,38-я параллель
882,Боевик,Звездный путь
882,Приключения,Звездный путь
882,Фантастика,Звездный путь
883,Драма,Асфальтовые джунгли
883,Криминал,Асфальтовые джунгли
884,Драма,Неприкасаемые
884,Триллер,Неприкасаемые
884,Криминал,Неприкасаемые
884,История,Неприкасаемые
885,Драма,Идентификация Борна
885,Боевик,Идентификация Борна
885,Триллер,Идентификация Борна
885,Детектив,Идентификация Борна
886,Драма,Объединённая зона безопасности
886,Боевик,Объединённая зона безопасности
886,Триллер,Объединённая зона безопасности
886,Военный,Объединённая зона безопасности
887,Документальный,Эми
887,Музыка,Эми
888,Драма,Фейерверк
888,Криминал,Фейерверк
889,Драма,Боец
890,Драма,Свой человек
890,Триллер,Свой человек
890,История,Свой человек
891,Боевик,Миссия «Серенити»
891,Триллер,Миссия «Серенити»
891,Приключения,Миссия «Серенити»
891,Фантастика,Миссия «Серенити»
892,Драма,Мой парень – псих
892,Комедия,Мой парень – псих
892,Мелодрама,Мой парень – псих
893,Драма,Несколько хороших парней
894,Боевик,Миссия невыполнима: Последствия
894,Приключения,Миссия невыполнима: Последствия
895,Ужасы,Птицы
896,Драма,Ураган
897,Драма,Крид: Наследие Рокки
898,Драма,О теле и душе
898,Мелодрама,О теле и душе
899,Боевик,Особое мнение
899,Триллер,Особое мнение
899,Детектив,Особое мнение
899,Фантастика,Особое мнение
900,Драма,Мосты округа Мэдисон
900,Мелодрама,Мосты округа Мэдисон
901,Драма,Иллюзионист
901,Мелодрама,Иллюзионист
901,Триллер,Иллюзионист
901,Фэнтези,Иллюзионист
902,Драма,Поиск
902,Триллер,Поиск
902,Детектив,Поиск
903,Драма,Джеки Браун
903,Триллер,Джеки Браун
903,Криминал,Джеки Браун
904,Драма,Маяк
904,Триллер,Маяк
904,Ужасы,Маяк
904,Фэнтези,Маяк
905,Драма,Время убивать
905,Триллер,Время убивать
905,Криминал,Время убивать
906,Комедия,Битлджюс
906,Фэнтези,Битлджюс
907,Драма,Жизнь как дом
908,Триллер,"Человек, которого не было"
908,Криминал,"Человек, которого не было"
909,Вестерн,Открытый простор
910,Боевик,Эквилибриум
910,Триллер,Эквилибриум
910,Фантастика,Эквилибриум
911,Драма,Темные времена
911,История,Темные времена
912,Боевик,Человек-паук: Вдали от дома
912,Приключения,Человек-паук: Вдали от дома
912,Фантастика,Человек-паук: Вдали от дома
913,Боевик,Джон Уик
913,Триллер,Джон Уик
914,Драма,Патерсон
914,Комедия,Патерсон
914,Мелодрама,Патерсон
915,Драма,День патриота
915,Боевик,День патриота
915,Триллер,День патриота
915,Криминал,День патриота
915,История,День патриота
916,Боевик,Неоспоримый 3
916,Триллер,Неоспоримый 3
917,Драма,Неогранённые драгоценности
917,Триллер,Неогранённые драгоценности
917,Криминал,Неогранённые драгоценности
918,Драма,Белый плен
918,Семейный,Белый плен
918,Приключения,Белый плен
919,Драма,Эль Камино: Во все тяжкие
919,Боевик,Эль Камино: Во все тяжкие
919,Триллер,Эль Камино: Во все тяжкие
919,Криминал,Эль Камино: Во все тяжкие
920,Драма,Слоеный торт
920,Триллер,Слоеный торт
920,Криминал,Слоеный торт
921,Драма,Женщины ХХ века
922,Драма,Игры разумов
922,Триллер,Игры разумов
922,Детектив,Игры разумов
922,История,Игры разумов
923,Драма,Спеши любить
923,Мелодрама,Спеши любить
924,Драма,Маленькие женщины
924,Мелодрама,Маленькие женщины
925,Приключения,Кон-Тики
925,История,Кон-Тики
926,Драма,Секретное досье
926,История,Секретное досье
927,Драма,Молчание
927,История,Молчание
928,Драма,Афера по-американски
928,Криминал,Афера по-американски
929,Драма,Квадрат
930,Боевик,Без лица
930,Триллер,Без лица
930,Криминал,Без лица
930,Фантастика,Без лица
931,Драма,Девушка из Дании
932,Драма,Джон Кью
932,Триллер,Джон Кью
932,Криминал,Джон Кью
933,Драма,Преодоление
933,История,Преодоление
934,Драма,Общак
934,Криминал,Общак
935,Драма,45 лет
935,Мелодрама,45 лет
936,Драма,Жажда
936,Триллер,Жажда
936,Ужасы,Жажда
937,Драма,Побочный эффект
937,Триллер,Побочный эффект
937,Криминал,Побочный эффект
938,Драма,Поллок
938,Мелодрама,Поллок
939,Комедия,РЭД
939,Боевик,РЭД
939,Триллер,РЭД
939,Криминал,РЭД
939,Приключения,РЭД
940,Драма,Погребённый заживо
940,Триллер,Погребённый заживо
940,Детектив,Погребённый заживо
941,Комедия,Час пик
941,Боевик,Час пик
941,Криминал,Час пик
942,Боевик,Другой мир
942,Триллер,Другой мир
942,Фэнтези,Другой мир
943,Комедия,Американский пирог
943,Мелодрама,Американский пирог
944,Драма,Признания опасного человека
944,Комедия,Признания опасного человека
944,Мелодрама,Признания опасного человека
944,Триллер,Признания опасного человека
944,Криминал,Признания опасного человека
945,Драма,Второй Шанс
945,Комедия,Второй Шанс
945,Музыка,Второй Шанс
946,Боевик,Последний бойскаут
946,Триллер,Последний бойскаут
947,Драма,Морпехи
947,Военный,Морпехи
948,Драма,Грязные танцы
948,Мелодрама,Грязные танцы
948,Музыка,Грязные танцы
949,Драма,Подарок
949,Триллер,Подарок
949,Детектив,Подарок
950,Драма,Жена смотрителя зоопарка
950,История,Жена смотрителя зоопарка
951,Драма,В сердце моря
951,Боевик,В сердце моря
951,Триллер,В сердце моря
951,Приключения,В сердце моря
951,История,В сердце моря
952,Семейный,"Хроники Нарнии: Лев, колдунья и волшебный шкаф"
952,Приключения,"Хроники Нарнии: Лев, колдунья и волшебный шкаф"
952,Фэнтези,"Хроники Нарнии: Лев, колдунья и волшебный шкаф"
953,Драма,Его игра
954,Драма,Убить гонца
954,Триллер,Убить гонца
954,Криминал,Убить гонца
954,Детектив,Убить гонца
955,Драма,Сердца в Атлантиде
955,Детектив,Сердца в Атлантиде
956,Боевик,Перевозчик
956,Триллер,Перевозчик
956,Криминал,Перевозчик
957,Драма,Сиротский Бруклин
957,Триллер,Сиротский Бруклин
958,Драма,Гол! Все начинается с мечты
959,Мелодрама,Тихая гавань
959,Триллер,Тихая гавань
960,Драма,Меч короля Артура
960,Боевик,Меч короля Артура
960,Фэнтези,Меч короля Артура
961,Боевик,Хроники Риддика
961,Фантастика,Хроники Риддика
962,Комедия,Соседка
962,Мелодрама,Соседка
963,Комедия,Искусство самообороны
963,Боевик,Искусство самообороны
963,Триллер,Искусство самообороны
964,Триллер,Код Да Винчи
964,Детектив,Код Да Винчи
965,Драма,"Жизнь, как она есть"
965,Комедия,"Жизнь, как она есть"
965,Мелодрама,"Жизнь, как она есть"
966,Драма,Космос между нами
966,Мелодрама,Космос между нами
966,Приключения,Космос между нами
966,Фантастика,Космос между нами
967,Ужасы,Девятая сессия
967,Детектив,Девятая сессия
968,Комедия,Блондинка в законе
969,Драма,Весь этот мир
969,Мелодрама,Весь этот мир
970,Драма,Анатомия любви
970,Мелодрама,Анатомия любви
971,Драма,Лёд
971,Комедия,Лёд
971,Мелодрама,Лёд
972,Драма,В поисках праздника
972,Мелодрама,В поисках праздника
972,Приключения,В поисках праздника
973,Драма,Черная полоса
973,Мелодрама,Черная полоса
973,Триллер,Черная полоса
973,Криминал,Черная полоса
974,Драма,Загадочный пассажир
974,Триллер,Загадочный пассажир
974,Детектив,Загадочный пассажир
975,Драма,Вернуть Бена
976,Драма,Малыш
976,Комедия,Малыш
976,Военный,Малыш
977,Драма,Баария
977,Комедия,Баария
977,Мелодрама,Баария
977,История,Баария
978,Триллер,Птица с хрустальным оперением
978,Ужасы,Птица с хрустальным оперением
978,Детектив,Птица с хрустальным оперением
979,Драма,Kulari Ke Pantai
979,Семейный,Kulari Ke Pantai
980,Драма,...А в душе я танцую
981,Драма,Энн из Зеленых крыш: Продолжение
981,Мелодрама,Энн из Зеленых крыш: Продолжение
981,Семейный,Энн из Зеленых крыш: Продолжение
982,Триллер,Красный круг
982,Криминал,Красный круг
983,Триллер,Последнее пристанище
983,Детектив,Последнее пристанище
984,Боевик,Начало
984,Приключения,Начало
984,Фантастика,Начало
985,Вестерн,"Хороший, плохой, злой"
986,Драма,Однажды на Диком Западе
986,Вестерн,Однажды на Диком Западе
987,Драма,Американская история Х
988,Боевик,Мстители: Финал
988,Приключения,Мстители: Финал
988,Фантастика,Мстители: Финал
989,Драма,Реквием по мечте
989,Криминал,Реквием по мечте
990,Драма,Однажды в Америке
990,Криминал,Однажды в Америке
991,Триллер,В случае убийства набирайте «М»
991,Криминал,В случае убийства набирайте «М»
992,Вестерн,На несколько долларов больше
993,Драма,Схватка
993,Боевик,Схватка
993,Триллер,Схватка
993,Криминал,Схватка
994,Триллер,Третий человек
994,Детектив,Третий человек
995,Драма,Комната
995,Триллер,Комната
996,Комедия,Один
996,Мелодрама,Один
996,Боевик,Один
997,Драма,Мужские разборки
997,Боевик,Мужские разборки
997,Криминал,Мужские разборки
998,Драма,Воин
998,Боевик,Воин
999,Драма,Собачий полдень
999,Триллер,Собачий полдень
999,Криминал,Собачий полдень
